{"v":"5.5.7","fr":29.9700012207031,"ip":0,"op":60.0000024438501,"w":360,"h":760,"nm":"animation01","ddd":0,"assets":[{"id":"image_0","w":360,"h":180,"u":"images/","p":"img_0.png","e":0},{"id":"image_1","w":360,"h":180,"u":"images/","p":"img_1.png","e":0},{"id":"image_2","w":180,"h":2280,"u":"images/","p":"img_2.png","e":0},{"id":"image_3","w":180,"h":2280,"u":"images/","p":"img_3.png","e":0},{"id":"comp_0","layers":[{"ddd":0,"ind":1,"ty":2,"nm":"half-circle_red.ai","cl":"ai","refId":"image_0","sr":1,"ks":{"o":{"a":0,"k":100,"ix":11},"r":{"a":1,"k":[{"i":{"x":[0.294],"y":[1]},"o":{"x":[0.716],"y":[0]},"t":0,"s":[0]},{"i":{"x":[0.667],"y":[1]},"o":{"x":[1],"y":[0]},"t":24,"s":[180]},{"i":{"x":[0.349],"y":[1]},"o":{"x":[0.765],"y":[0]},"t":30,"s":[180]},{"i":{"x":[0.667],"y":[1]},"o":{"x":[0.333],"y":[0]},"t":54,"s":[360]},{"t":60.0000024438501,"s":[360]}],"ix":10},"p":{"a":0,"k":[180,519.5,0],"ix":2},"a":{"a":0,"k":[180,0,0],"ix":1},"s":{"a":0,"k":[100,100,100],"ix":6}},"ao":0,"ip":0,"op":90.0000036657751,"st":0,"bm":0}]},{"id":"comp_1","layers":[{"ddd":0,"ind":1,"ty":2,"nm":"half-circle_white.ai","cl":"ai","refId":"image_1","sr":1,"ks":{"o":{"a":0,"k":100,"ix":11},"r":{"a":1,"k":[{"i":{"x":[0.294],"y":[1]},"o":{"x":[0.716],"y":[0]},"t":0,"s":[-40]},{"i":{"x":[0.667],"y":[1]},"o":{"x":[1],"y":[0]},"t":24,"s":[40]},{"i":{"x":[0.349],"y":[1]},"o":{"x":[0.765],"y":[0]},"t":30,"s":[40]},{"i":{"x":[0.667],"y":[1]},"o":{"x":[0.333],"y":[0]},"t":54,"s":[-40]},{"t":60.0000024438501,"s":[-40]}],"ix":10},"p":{"a":0,"k":[178,519.5,0],"ix":2},"a":{"a":0,"k":[180,0,0],"ix":1},"s":{"a":0,"k":[100,100,100],"ix":6}},"ao":0,"ip":0,"op":90.0000036657751,"st":0,"bm":0}]},{"id":"comp_2","layers":[{"ddd":0,"ind":1,"ty":2,"nm":"oblong_green-blue.ai","cl":"ai","refId":"image_2","sr":1,"ks":{"o":{"a":0,"k":100,"ix":11},"r":{"a":0,"k":0,"ix":10},"p":{"a":1,"k":[{"i":{"x":0.195,"y":1},"o":{"x":0.333,"y":0},"t":-6,"s":[270,-260,0],"to":[0,15.959,0],"ti":[0,-28.142,0]},{"i":{"x":0.276,"y":1},"o":{"x":0.668,"y":0.016},"t":0,"s":[270,-380,0],"to":[0,159.953,0],"ti":[0,-90.707,0]},{"i":{"x":0.667,"y":0.667},"o":{"x":0.164,"y":0.164},"t":24,"s":[270,380,0],"to":[0,0,0],"ti":[0,0,0]},{"i":{"x":0.332,"y":1},"o":{"x":0.717,"y":0},"t":30,"s":[270,380,0],"to":[0,126.667,0],"ti":[0,-126.667,0]},{"i":{"x":0.667,"y":0.667},"o":{"x":0.333,"y":0.333},"t":54,"s":[270,1140,0],"to":[0,0,0],"ti":[0,0,0]},{"t":60.0000024438501,"s":[270,1140,0]}],"ix":2},"a":{"a":0,"k":[90,1140,0],"ix":1},"s":{"a":0,"k":[100,100,100],"ix":6}},"ao":0,"ip":0,"op":80.0000032584668,"st":0,"bm":0}]},{"id":"comp_3","layers":[{"ddd":0,"ind":1,"ty":2,"nm":"oblong_yellow-pink.ai","cl":"ai","refId":"image_3","sr":1,"ks":{"o":{"a":0,"k":100,"ix":11},"r":{"a":0,"k":0,"ix":10},"p":{"a":1,"k":[{"i":{"x":0.195,"y":1},"o":{"x":0.333,"y":0},"t":-6,"s":[270,-260,0],"to":[0,15.959,0],"ti":[0,-28.142,0]},{"i":{"x":0.276,"y":1},"o":{"x":0.668,"y":0.016},"t":0,"s":[270,-380,0],"to":[0,159.953,0],"ti":[0,-90.707,0]},{"i":{"x":0.667,"y":0.667},"o":{"x":0.164,"y":0.164},"t":24,"s":[270,380,0],"to":[0,0,0],"ti":[0,0,0]},{"i":{"x":0.332,"y":1},"o":{"x":0.717,"y":0},"t":30,"s":[270,380,0],"to":[0,126.667,0],"ti":[0,-126.667,0]},{"i":{"x":0.667,"y":0.667},"o":{"x":0.333,"y":0.333},"t":54,"s":[270,1140,0],"to":[0,0,0],"ti":[0,0,0]},{"t":60.0000024438501,"s":[270,1140,0]}],"ix":2},"a":{"a":0,"k":[90,1140,0],"ix":1},"s":{"a":0,"k":[100,100,100],"ix":6}},"ao":0,"ip":0,"op":80.0000032584668,"st":0,"bm":0}]}],"layers":[{"ddd":0,"ind":1,"ty":0,"nm":"rotate half-cicle red","refId":"comp_0","sr":1,"ks":{"o":{"a":0,"k":100,"ix":11},"r":{"a":0,"k":180,"ix":10},"p":{"a":0,"k":[180,580.5,0],"ix":2},"a":{"a":0,"k":[180,380,0],"ix":1},"s":{"a":0,"k":[170,170,100],"ix":6}},"ao":0,"w":360,"h":760,"ip":0,"op":90.0000036657751,"st":0,"bm":0},{"ddd":0,"ind":2,"ty":0,"nm":"rotate half-cicle white","refId":"comp_1","sr":1,"ks":{"o":{"a":0,"k":100,"ix":11},"r":{"a":0,"k":0,"ix":10},"p":{"a":0,"k":[180,350,0],"ix":2},"a":{"a":0,"k":[180,380,0],"ix":1},"s":{"a":0,"k":[210,210,100],"ix":6}},"ao":0,"w":360,"h":760,"ip":-4.00000016292334,"op":86.0000035028518,"st":-4.00000016292334,"bm":0},{"ddd":0,"ind":3,"ty":0,"nm":"slide vertical green-blue","refId":"comp_2","sr":1,"ks":{"o":{"a":0,"k":100,"ix":11},"r":{"a":0,"k":0,"ix":10},"p":{"a":0,"k":[180,380,0],"ix":2},"a":{"a":0,"k":[180,380,0],"ix":1},"s":{"a":0,"k":[100,100,100],"ix":6}},"ao":0,"w":360,"h":760,"ip":0,"op":90.0000036657751,"st":0,"bm":0},{"ddd":0,"ind":4,"ty":0,"nm":"slide vertical yellow-pink","refId":"comp_3","sr":1,"ks":{"o":{"a":0,"k":100,"ix":11},"r":{"a":0,"k":180,"ix":10},"p":{"a":0,"k":[180,380,0],"ix":2},"a":{"a":0,"k":[180,380,0],"ix":1},"s":{"a":0,"k":[100,100,100],"ix":6}},"ao":0,"w":360,"h":760,"ip":0,"op":90.0000036657751,"st":0,"bm":0}],"markers":[]}